{"schemaVersion":"1.0","appDefinitionTemplate":{"id":"/providers/Microsoft.PowerApps/apps/","type":"Microsoft.PowerApps/apps","tags":{"primaryDeviceWidth":"1366","primaryDeviceHeight":"768","sienaVersion":"20220323T090457Z-3.22031.21.0","deviceCapabilities":"webcam","supportsPortrait":"true","supportsLandscape":"true","primaryFormFactor":"Tablet","publisherVersion":"3.22022.31","minimumRequiredApiVersion":"2.2.0","hasComponent":"false","hasUnlockedComponent":"false","isUnifiedRootApp":"false"},"properties":{"appVersion":"2022-03-23T09:04:57Z","lifeCycleId":"Published","createdByClientVersion":{"major":3,"minor":22022,"build":31,"revision":0,"majorRevision":0,"minorRevision":0},"minClientVersion":{"major":3,"minor":22022,"build":31,"revision":0,"majorRevision":0,"minorRevision":0},"backgroundColor":"RGBA(0,176,240,1)","backgroundImageUri":"/15530275356884166039/N3cfb1ad6-670e-40c8-80f1-d1dc102e857b-logoSmallFile","displayName":"Case Survey App","description":"","commitMessage":"","appUris":{"documentUri":{"value":"/15530275356884166039/Na66304db-e173-4299-8b0c-0c3c089ef8e7-document.msapp"},"imageUris":[]},"createdTime":"0001-01-01T00:00:00Z","lastModifiedTime":"0001-01-01T00:00:00Z","sharedGroupsCount":0,"sharedUsersCount":0,"icons":{"smallIconUri":"/15530275356884166039/Nd2a478ef-6b8a-4cbf-944e-07fc129ed8d2-small.png","mediumIconUri":"/15530275356884166039/N1c34fbab-2cc1-4080-aa58-f9c34f7472e4-medium.png","largeIconUri":"/15530275356884166039/Naf9f6b8b-4d1b-4684-851c-28304506f39d-large.png","wideIconUri":"/15530275356884166039/N56913ce8-36fe-40d8-9f9a-d88d01948917-wide.png"},"connectionReferences":{"c7c758c1-f01c-424e-a5a8-86c6944955b8":{"id":"1ff4a962-f5ea-4517-b270-1b049a2ad27e","displayName":"Bing Maps","iconUri":"https://connectoricons-prod.azureedge.net/releases/v1.0.1555/1.0.1555.2715/bingmaps/icon.png","dataSources":["BingMaps"],"dependencies":[],"dependents":[],"parameterHints":{},"parameterHintsV2":{},"isOnPremiseConnection":false,"sharedConnectionId":"66b58904-0094-490d-9ff5-f0d45be9ecb7","bypassConsent":false,"dataSets":{},"apiTier":"Standard","isCustomApiConnection":false,"actions":["GetLocationByAddress","GetMap"]}},"databaseReferences":{"default.cds":{"databaseDetails":{"referenceType":"Environmental","environmentName":"default.cds","overrideValues":{"status":"NotSpecified"}},"dataSources":{"Cases":{"entitySetName":"incidents","logicalName":"incident"},"Notes":{"entitySetName":"annotations","logicalName":"annotation"},"Functional Locations":{"entitySetName":"msdyn_functionallocations","logicalName":"msdyn_functionallocation"}},"actions":["providers/PowerPlatform.Governance/Operations/Read"]}},"almMode":"Environment","performanceOptimizationEnabled":true,"canConsumeAppPass":true,"executionRestrictions":{"isTeamsOnly":false,"dataLossPreventionEvaluationResult":{"status":"Compliant","lastEvaluationDate":"2022-03-22T10:07:39.2451155Z","violations":[],"violationsByPolicy":[],"violationErrorMessage":"The app uses the following connectors: shared_commondataservice."}}},"appType":"ClassicCanvasApp","appComponents":[]}}