<ImportExportXml xmlns:xsi="http://www.w3.org/2001/XMLSchema-instance">
  <Entities>
    <Entity>
      <Name LocalizedName="Case" OriginalName="Case">Incident</Name>
      <EntityInfo>
        <entity Name="Incident">
          <attributes>
            <attribute PhysicalName="enks_BillingCity">
              <Type>nvarchar</Type>
              <Name>enks_billingcity</Name>
              <LogicalName>enks_billingcity</LogicalName>
              <RequiredLevel>none</RequiredLevel>
              <DisplayMask>ValidForAdvancedFind|ValidForForm|ValidForGrid</DisplayMask>
              <ImeMode>auto</ImeMode>
              <ValidForUpdateApi>1</ValidForUpdateApi>
              <ValidForReadApi>1</ValidForReadApi>
              <ValidForCreateApi>1</ValidForCreateApi>
              <IsCustomField>1</IsCustomField>
              <IsAuditEnabled>1</IsAuditEnabled>
              <IsSecured>0</IsSecured>
              <IntroducedVersion>1.0.0.0</IntroducedVersion>
              <IsCustomizable>1</IsCustomizable>
              <IsRenameable>1</IsRenameable>
              <CanModifySearchSettings>1</CanModifySearchSettings>
              <CanModifyRequirementLevelSettings>1</CanModifyRequirementLevelSettings>
              <CanModifyAdditionalSettings>1</CanModifyAdditionalSettings>
              <SourceType>0</SourceType>
              <IsGlobalFilterEnabled>0</IsGlobalFilterEnabled>
              <IsSortableEnabled>0</IsSortableEnabled>
              <CanModifyGlobalFilterSettings>1</CanModifyGlobalFilterSettings>
              <CanModifyIsSortableSettings>1</CanModifyIsSortableSettings>
              <IsDataSourceSecret>0</IsDataSourceSecret>
              <AutoNumberFormat></AutoNumberFormat>
              <IsSearchable>0</IsSearchable>
              <IsFilterable>0</IsFilterable>
              <IsRetrievable>0</IsRetrievable>
              <IsLocalizable>0</IsLocalizable>
              <Format>text</Format>
              <MaxLength>100</MaxLength>
              <Length>200</Length>
              <displaynames>
                <displayname description="Billing City" languagecode="1033" />
              </displaynames>
              <Descriptions>
                <Description description="" languagecode="1033" />
              </Descriptions>
            </attribute>
            <attribute PhysicalName="enks_BillingState">
              <Type>nvarchar</Type>
              <Name>enks_billingstate</Name>
              <LogicalName>enks_billingstate</LogicalName>
              <RequiredLevel>none</RequiredLevel>
              <DisplayMask>ValidForAdvancedFind|ValidForForm|ValidForGrid</DisplayMask>
              <ImeMode>auto</ImeMode>
              <ValidForUpdateApi>1</ValidForUpdateApi>
              <ValidForReadApi>1</ValidForReadApi>
              <ValidForCreateApi>1</ValidForCreateApi>
              <IsCustomField>1</IsCustomField>
              <IsAuditEnabled>1</IsAuditEnabled>
              <IsSecured>0</IsSecured>
              <IntroducedVersion>1.0.0.0</IntroducedVersion>
              <IsCustomizable>1</IsCustomizable>
              <IsRenameable>1</IsRenameable>
              <CanModifySearchSettings>1</CanModifySearchSettings>
              <CanModifyRequirementLevelSettings>1</CanModifyRequirementLevelSettings>
              <CanModifyAdditionalSettings>1</CanModifyAdditionalSettings>
              <SourceType>0</SourceType>
              <IsGlobalFilterEnabled>0</IsGlobalFilterEnabled>
              <IsSortableEnabled>0</IsSortableEnabled>
              <CanModifyGlobalFilterSettings>1</CanModifyGlobalFilterSettings>
              <CanModifyIsSortableSettings>1</CanModifyIsSortableSettings>
              <IsDataSourceSecret>0</IsDataSourceSecret>
              <AutoNumberFormat></AutoNumberFormat>
              <IsSearchable>0</IsSearchable>
              <IsFilterable>0</IsFilterable>
              <IsRetrievable>0</IsRetrievable>
              <IsLocalizable>0</IsLocalizable>
              <Format>text</Format>
              <MaxLength>100</MaxLength>
              <Length>200</Length>
              <displaynames>
                <displayname description="Billing State" languagecode="1033" />
              </displaynames>
              <Descriptions>
                <Description description="" languagecode="1033" />
              </Descriptions>
            </attribute>
            <attribute PhysicalName="enks_Billingstreet">
              <Type>nvarchar</Type>
              <Name>enks_billingstreet</Name>
              <LogicalName>enks_billingstreet</LogicalName>
              <RequiredLevel>none</RequiredLevel>
              <DisplayMask>ValidForAdvancedFind|ValidForForm|ValidForGrid</DisplayMask>
              <ImeMode>auto</ImeMode>
              <ValidForUpdateApi>1</ValidForUpdateApi>
              <ValidForReadApi>1</ValidForReadApi>
              <ValidForCreateApi>1</ValidForCreateApi>
              <IsCustomField>1</IsCustomField>
              <IsAuditEnabled>1</IsAuditEnabled>
              <IsSecured>0</IsSecured>
              <IntroducedVersion>1.0.0.0</IntroducedVersion>
              <IsCustomizable>1</IsCustomizable>
              <IsRenameable>1</IsRenameable>
              <CanModifySearchSettings>1</CanModifySearchSettings>
              <CanModifyRequirementLevelSettings>1</CanModifyRequirementLevelSettings>
              <CanModifyAdditionalSettings>1</CanModifyAdditionalSettings>
              <SourceType>0</SourceType>
              <IsGlobalFilterEnabled>0</IsGlobalFilterEnabled>
              <IsSortableEnabled>0</IsSortableEnabled>
              <CanModifyGlobalFilterSettings>1</CanModifyGlobalFilterSettings>
              <CanModifyIsSortableSettings>1</CanModifyIsSortableSettings>
              <IsDataSourceSecret>0</IsDataSourceSecret>
              <AutoNumberFormat></AutoNumberFormat>
              <IsSearchable>0</IsSearchable>
              <IsFilterable>0</IsFilterable>
              <IsRetrievable>0</IsRetrievable>
              <IsLocalizable>0</IsLocalizable>
              <Format>text</Format>
              <MaxLength>100</MaxLength>
              <Length>200</Length>
              <displaynames>
                <displayname description="Billing street" languagecode="1033" />
              </displaynames>
              <Descriptions>
                <Description description="" languagecode="1033" />
              </Descriptions>
            </attribute>
            <attribute PhysicalName="enks_Lattitude">
              <Type>float</Type>
              <Name>enks_lattitude</Name>
              <LogicalName>enks_lattitude</LogicalName>
              <RequiredLevel>none</RequiredLevel>
              <DisplayMask>ValidForAdvancedFind|ValidForForm|ValidForGrid</DisplayMask>
              <ImeMode>auto</ImeMode>
              <ValidForUpdateApi>1</ValidForUpdateApi>
              <ValidForReadApi>1</ValidForReadApi>
              <ValidForCreateApi>1</ValidForCreateApi>
              <IsCustomField>1</IsCustomField>
              <IsAuditEnabled>1</IsAuditEnabled>
              <IsSecured>0</IsSecured>
              <IntroducedVersion>1.0.0.0</IntroducedVersion>
              <IsCustomizable>1</IsCustomizable>
              <IsRenameable>1</IsRenameable>
              <CanModifySearchSettings>1</CanModifySearchSettings>
              <CanModifyRequirementLevelSettings>1</CanModifyRequirementLevelSettings>
              <CanModifyAdditionalSettings>1</CanModifyAdditionalSettings>
              <SourceType>0</SourceType>
              <IsGlobalFilterEnabled>0</IsGlobalFilterEnabled>
              <IsSortableEnabled>0</IsSortableEnabled>
              <CanModifyGlobalFilterSettings>1</CanModifyGlobalFilterSettings>
              <CanModifyIsSortableSettings>1</CanModifyIsSortableSettings>
              <IsDataSourceSecret>0</IsDataSourceSecret>
              <AutoNumberFormat></AutoNumberFormat>
              <IsSearchable>0</IsSearchable>
              <IsFilterable>0</IsFilterable>
              <IsRetrievable>0</IsRetrievable>
              <IsLocalizable>0</IsLocalizable>
              <MinValue>-150</MinValue>
              <MaxValue>90</MaxValue>
              <Accuracy>5</Accuracy>
              <displaynames>
                <displayname description="Lattitude" languagecode="1033" />
              </displaynames>
              <Descriptions>
                <Description description="" languagecode="1033" />
              </Descriptions>
            </attribute>
            <attribute PhysicalName="enks_Longitude">
              <Type>float</Type>
              <Name>enks_longitude</Name>
              <LogicalName>enks_longitude</LogicalName>
              <RequiredLevel>none</RequiredLevel>
              <DisplayMask>ValidForAdvancedFind|ValidForForm|ValidForGrid</DisplayMask>
              <ImeMode>auto</ImeMode>
              <ValidForUpdateApi>1</ValidForUpdateApi>
              <ValidForReadApi>1</ValidForReadApi>
              <ValidForCreateApi>1</ValidForCreateApi>
              <IsCustomField>1</IsCustomField>
              <IsAuditEnabled>1</IsAuditEnabled>
              <IsSecured>0</IsSecured>
              <IntroducedVersion>1.0.0.0</IntroducedVersion>
              <IsCustomizable>1</IsCustomizable>
              <IsRenameable>1</IsRenameable>
              <CanModifySearchSettings>1</CanModifySearchSettings>
              <CanModifyRequirementLevelSettings>1</CanModifyRequirementLevelSettings>
              <CanModifyAdditionalSettings>1</CanModifyAdditionalSettings>
              <SourceType>0</SourceType>
              <IsGlobalFilterEnabled>0</IsGlobalFilterEnabled>
              <IsSortableEnabled>0</IsSortableEnabled>
              <CanModifyGlobalFilterSettings>1</CanModifyGlobalFilterSettings>
              <CanModifyIsSortableSettings>1</CanModifyIsSortableSettings>
              <IsDataSourceSecret>0</IsDataSourceSecret>
              <AutoNumberFormat></AutoNumberFormat>
              <IsSearchable>0</IsSearchable>
              <IsFilterable>0</IsFilterable>
              <IsRetrievable>0</IsRetrievable>
              <IsLocalizable>0</IsLocalizable>
              <MinValue>-150</MinValue>
              <MaxValue>90</MaxValue>
              <Accuracy>5</Accuracy>
              <displaynames>
                <displayname description="Longitude" languagecode="1033" />
              </displaynames>
              <Descriptions>
                <Description description="" languagecode="1033" />
              </Descriptions>
            </attribute>
          </attributes>
          <EntitySetName>incidents</EntitySetName>
          <IsDuplicateCheckSupported>1</IsDuplicateCheckSupported>
          <IsBusinessProcessEnabled>1</IsBusinessProcessEnabled>
          <IsRequiredOffline>0</IsRequiredOffline>
          <IsInteractionCentricEnabled>1</IsInteractionCentricEnabled>
          <IsCollaboration>1</IsCollaboration>
          <AutoRouteToOwnerQueue>0</AutoRouteToOwnerQueue>
          <IsConnectionsEnabled>1</IsConnectionsEnabled>
          <EntityColor>#7A278F</EntityColor>
          <IsDocumentManagementEnabled>1</IsDocumentManagementEnabled>
          <AutoCreateAccessTeams>0</AutoCreateAccessTeams>
          <IsOneNoteIntegrationEnabled>0</IsOneNoteIntegrationEnabled>
          <IsKnowledgeManagementEnabled>1</IsKnowledgeManagementEnabled>
          <IsSLAEnabled>1</IsSLAEnabled>
          <IsDocumentRecommendationsEnabled>0</IsDocumentRecommendationsEnabled>
          <IsBPFEntity>0</IsBPFEntity>
          <OwnershipTypeMask>UserOwned</OwnershipTypeMask>
          <EntityMask>ActivityPointer</EntityMask>
          <IsAuditEnabled>0</IsAuditEnabled>
          <IsRetrieveAuditEnabled>0</IsRetrieveAuditEnabled>
          <IsRetrieveMultipleAuditEnabled>0</IsRetrieveMultipleAuditEnabled>
          <IsActivity>0</IsActivity>
          <ActivityTypeMask></ActivityTypeMask>
          <IsActivityParty>1</IsActivityParty>
          <IsReplicated>1</IsReplicated>
          <IsReplicationUserFiltered>1</IsReplicationUserFiltered>
          <IsMailMergeEnabled>1</IsMailMergeEnabled>
          <IsVisibleInMobile>1</IsVisibleInMobile>
          <IsVisibleInMobileClient>1</IsVisibleInMobileClient>
          <IsReadOnlyInMobileClient>0</IsReadOnlyInMobileClient>
          <IsOfflineInMobileClient>1</IsOfflineInMobileClient>
          <DaysSinceRecordLastModified>10</DaysSinceRecordLastModified>
          <MobileOfflineFilters>
    &lt;fetch version="1.0" output-format="xml-platform" mapping="logical" distinct="false"&gt;
      &lt;entity name="incident"&gt;
        &lt;filter type="and"&gt;
          &lt;condition attribute="modifiedon" operator="last-x-days" value="10"/&gt;
        &lt;/filter&gt;
      &lt;/entity&gt;
    &lt;/fetch&gt;
  </MobileOfflineFilters>
          <IsMapiGridEnabled>1</IsMapiGridEnabled>
          <IsReadingPaneEnabled>1</IsReadingPaneEnabled>
          <IsQuickCreateEnabled>1</IsQuickCreateEnabled>
          <SyncToExternalSearchIndex>1</SyncToExternalSearchIndex>
          <IntroducedVersion>5.0.0.0</IntroducedVersion>
          <EnforceStateTransitions>0</EnforceStateTransitions>
          <EntityHelpUrlEnabled>0</EntityHelpUrlEnabled>
          <ChangeTrackingEnabled>1</ChangeTrackingEnabled>
          <IsEnabledForExternalChannels>1</IsEnabledForExternalChannels>
          <IsSolutionAware>0</IsSolutionAware>
          <HasRelatedNotes>True</HasRelatedNotes>
          <HasRelatedActivities>True</HasRelatedActivities>
        </entity>
      </EntityInfo>
      <FormXml>
        <forms type="main">
          <systemform>
            <formid>{4a63c8d1-6c1e-48ec-9db4-3e6c7155334c}</formid>
            <IntroducedVersion>5.0.0.0</IntroducedVersion>
            <FormPresentation>1</FormPresentation>
            <FormActivationState>1</FormActivationState>
            <form enablerelatedinformation="false" shownavigationbar="true" hasmargin="false">
              <tabs showlabels="true">
                <tab name="general" verticallayout="true" id="{564b9a08-4626-46f5-8bd8-3d31e17a8873}" IsUserDefined="0" ordinalvalue="0">
                  <columns>
                    <column width="30%" id="0">
                      <sections>
                        <section name="Details" showlabel="true" labelwidth="102" showbar="false" id="{09d03c8d-5a6b-4a94-b7d9-cfa1b5364015}" IsUserDefined="0" locklevel="0" celllabelposition="Left" ordinalvalue="0">
                          <rows>
                            <row>
                              <cell id="{70cc3529-ab81-650b-3bd0-3147ba77667d}" showlabel="true" locklevel="0" ordinalvalue="10000">
                                <labels>
                                  <label description="Case Title" languagecode="1033" solutionaction="Added" />
                                </labels>
                              </cell>
                            </row>
                            <row>
                              <cell id="{b6f69544-6287-4b8a-b60c-3d66f1cac75d}" userspacer="0" ordinalvalue="10002">
                                <labels>
                                  <label description="Subject" languagecode="1033" solutionaction="Added" />
                                </labels>
                              </cell>
                            </row>
                            <row>
                              <cell id="{b579ee22-ced2-44ed-0bb8-8290e9b23164}" showlabel="true" locklevel="0" ordinalvalue="10003">
                                <labels>
                                  <label description="Customer" languagecode="1033" solutionaction="Added" />
                                </labels>
                              </cell>
                            </row>
                            <row>
                              <cell id="{76d17ce6-ce11-da3c-aeee-e2886e506221}" showlabel="true" locklevel="0" ordinalvalue="10004">
                                <labels>
                                  <label description="Origin" languagecode="1033" solutionaction="Added" />
                                </labels>
                              </cell>
                            </row>
                            <row>
                              <cell id="{26940645-ec02-4f99-bbcf-c4cc33a2be4c}" showlabel="true" locklevel="0" ordinalvalue="10005">
                                <labels>
                                  <label description="Contact" languagecode="1033" solutionaction="Added" />
                                </labels>
                              </cell>
                            </row>
                            <row>
                              <cell id="{959273e2-e600-3b18-6572-763b94414e67}" showlabel="true" locklevel="0" ordinalvalue="10006">
                                <labels>
                                  <label description="Entitlement" languagecode="1033" solutionaction="Added" />
                                </labels>
                              </cell>
                            </row>
                            <row>
                              <cell id="{2973ce06-0486-461f-9381-48a174703d01}" ordinalvalue="10007">
                                <labels>
                                  <label description="Product" languagecode="1033" solutionaction="Added" />
                                </labels>
                              </cell>
                            </row>
                            <row>
                              <cell id="{77a8a1e6-1eb3-5d38-bcb6-8dc29b646cd5}" showlabel="true" locklevel="0" visible="false" ordinalvalue="10008">
                                <labels>
                                  <label description="IoT Alert" languagecode="1033" solutionaction="Added" />
                                </labels>
                              </cell>
                            </row>
                            <row>
                              <cell id="{b9004c07-325d-e938-d922-1139d17de167}" showlabel="true" locklevel="0" ordinalvalue="10009" solutionaction="Added">
                                <labels>
                                  <label description="Billing street" languagecode="1033" />
                                </labels>
                                <control id="enks_billingstreet" classid="{4273EDBD-AC1D-40d3-9FB2-095C621B552D}" datafieldname="enks_billingstreet" disabled="false" />
                              </cell>
                            </row>
                            <row>
                              <cell id="{46134647-4beb-bded-c086-60b191b321b3}" showlabel="true" locklevel="0" ordinalvalue="10010" solutionaction="Added">
                                <labels>
                                  <label description="Billing City" languagecode="1033" />
                                </labels>
                                <control id="enks_billingcity" classid="{4273EDBD-AC1D-40d3-9FB2-095C621B552D}" datafieldname="enks_billingcity" disabled="false" />
                              </cell>
                            </row>
                            <row>
                              <cell id="{4a486d01-442a-d9ce-2171-1ede3b9ec842}" showlabel="true" locklevel="0" ordinalvalue="10011" solutionaction="Added">
                                <labels>
                                  <label description="Billing State" languagecode="1033" />
                                </labels>
                                <control id="enks_billingstate" classid="{4273EDBD-AC1D-40d3-9FB2-095C621B552D}" datafieldname="enks_billingstate" disabled="false" />
                              </cell>
                            </row>
                            <row>
                              <cell id="{7c384098-c330-c132-5142-3ce74b71aea5}" showlabel="true" locklevel="0" ordinalvalue="10012" solutionaction="Added">
                                <labels>
                                  <label description="Longitude" languagecode="1033" />
                                </labels>
                                <control id="enks_longitude" classid="{0D2C745A-E5A8-4c8f-BA63-C6D3BB604660}" datafieldname="enks_longitude" disabled="false" uniqueid="{d1d7aac3-8609-5690-5c2c-5693c1091ac8}" />
                              </cell>
                            </row>
                            <row>
                              <cell id="{68d368a1-b93b-1547-20b0-e7ce17d3938a}" showlabel="true" locklevel="0" ordinalvalue="10013" solutionaction="Added">
                                <labels>
                                  <label description="Lattitude" languagecode="1033" />
                                </labels>
                                <control id="enks_lattitude" classid="{0D2C745A-E5A8-4c8f-BA63-C6D3BB604660}" datafieldname="enks_lattitude" disabled="false" uniqueid="{02e1a8e2-6e4e-33c5-a0de-59e031e2b1e8}" />
                              </cell>
                            </row>
                          </rows>
                        </section>
                        <section id="{2335806E-F713-402F-A9BD-6BEEEC6B8645}" columns="1" showlabel="true" showbar="false" IsUserDefined="0" locklevel="0" height="auto" ordinalvalue="1">
                          <rows>
                            <row>
                              <cell id="{2D8C61A2-7CFC-4DD8-A8AF-2CB82760E559}" showlabel="false" locklevel="0" rowspan="8" auto="true" ordinalvalue="10000">
                                <labels>
                                  <label description="Description" languagecode="1033" solutionaction="Added" />
                                </labels>
                              </cell>
                            </row>
                          </rows>
                        </section>
                        <section name="Applicable SLA(STANDARD)" showlabel="true" labelwidth="102" showbar="false" id="{bb13b0a3-13ee-4f84-9172-c1d89622b421}" IsUserDefined="0" locklevel="0" celllabelposition="Left" visible="true" ordinalvalue="2">
                          <rows>
                            <row>
                              <cell id="{9ed95127-7c3c-9c3e-a424-07d8144a246d}" showlabel="true" locklevel="0" ordinalvalue="10000">
                                <labels>
                                  <label description="First Response By" languagecode="1033" solutionaction="Added" />
                                </labels>
                              </cell>
                            </row>
                            <row>
                              <cell id="{573b6d21-4cc3-20c7-00c0-97160b24567a}" showlabel="true" locklevel="0" ordinalvalue="10001">
                                <labels>
                                  <label description="Resolve By" languagecode="1033" solutionaction="Added" />
                                </labels>
                              </cell>
                            </row>
                          </rows>
                        </section>
                      </sections>
                    </column>
                    <column width="30%" id="2">
                      <sections>
                        <section name="Customer" showlabel="false" labelwidth="90" showbar="false" id="{e493f95f-d913-4063-a929-e86a5d7b01a5}" IsUserDefined="0" locklevel="0" ordinalvalue="0">
                          <rows>
                            <row>
                              <cell id="{eafbc418-2de0-485f-9f9a-590f97e0389d}" colspan="2" showlabel="false" locklevel="1" ordinalvalue="10000">
                                <labels>
                                  <label description="Customer" languagecode="1033" solutionaction="Added" />
                                </labels>
                              </cell>
                            </row>
                          </rows>
                        </section>
                      </sections>
                    </column>
                  </columns>
                </tab>
                <tab name=" Enhanced_SLA_Details_Tab" id="{70a83419-91af-4c8e-b39e-42bf8fa286f3}" IsUserDefined="0" showlabel="true" expanded="false" ordinalvalue="3">
                  <columns>
                    <column width="34%" id="0">
                      <sections>
                        <section name="Applicable SLA(ENHANCED)" showlabel="false" labelwidth="102" showbar="false" id="{29840d59-02b1-4990-b675-5bf0c22b49f4}" IsUserDefined="0" locklevel="0" celllabelposition="Left" visible="true" ordinalvalue="0">
                          <rows>
                            <row>
                              <cell id="{347988d6-75a0-4464-bf4c-098e348c1a0d}" colspan="1" showlabel="false" ordinalvalue="10000">
                                <labels>
                                  <label description="First Response By KPI" languagecode="1033" solutionaction="Added" />
                                </labels>
                              </cell>
                            </row>
                            <row>
                              <cell id="{c26fcdc2-fdac-4bed-a853-cfb9438d2591}" colspan="1" showlabel="false" ordinalvalue="10001">
                                <labels>
                                  <label description="Resolve By KPI" languagecode="1033" solutionaction="Added" />
                                </labels>
                              </cell>
                            </row>
                          </rows>
                        </section>
                      </sections>
                    </column>
                  </columns>
                </tab>
                <tab name="ADDITIONALDETAILS_TAB" id="{5695eced-80f3-4983-9bbd-346db51478d1}" IsUserDefined="0" showlabel="true" expanded="false" ordinalvalue="4">
                  <columns>
                    <column width="34%" id="0">
                      <sections>
                        <section name="parentcaseandtype" showlabel="false" showbar="false" id="{07de2e7a-2f94-472e-bbab-f41a8ae8b7b9}" IsUserDefined="0" layout="varwidth" labelwidth="102" celllabelposition="Left" ordinalvalue="0">
                          <rows>
                            <row>
                              <cell id="{622a5065-a78e-4caf-ad1a-9ccafe579e93}" showlabel="true" locklevel="0" ordinalvalue="10001">
                                <labels>
                                  <label description="Parent Case" languagecode="1033" solutionaction="Added" />
                                </labels>
                              </cell>
                            </row>
                          </rows>
                        </section>
                      </sections>
                    </column>
                    <column width="33%" id="1">
                      <sections>
                        <section name="escalations" showlabel="false" showbar="false" id="{7de777d6-09a9-41ab-81c1-160fa8b43f0f}" IsUserDefined="0" layout="varwidth" labelwidth="102" celllabelposition="Left" ordinalvalue="0">
                          <rows>
                            <row>
                              <cell id="{09c5bc1b-4992-4b9b-9077-b6cc1c73fbb3}" showlabel="true" locklevel="0" ordinalvalue="10001">
                                <labels>
                                  <label description="Escalated On" languagecode="1033" solutionaction="Added" />
                                </labels>
                              </cell>
                            </row>
                          </rows>
                        </section>
                      </sections>
                    </column>
                    <column width="33%" id="2">
                      <sections>
                        <section name="responses" showlabel="false" showbar="false" id="{5d2b7d89-424e-4b9f-ad7f-76aae92eea18}" IsUserDefined="0" layout="varwidth" labelwidth="102" celllabelposition="Left" ordinalvalue="0">
                          <rows>
                            <row>
                              <cell id="{420032d6-21a9-4ca2-95f9-dcf3b9684d78}" showlabel="true" locklevel="0" ordinalvalue="10000">
                                <labels>
                                  <label description="Follow Up By" languagecode="1033" solutionaction="Added" />
                                </labels>
                              </cell>
                            </row>
                            <row>
                              <cell id="{c5fdfac4-9406-4ad1-b114-f409eec9e514}" showlabel="true" locklevel="0" ordinalvalue="10001">
                                <labels>
                                  <label description="First Response Sent" languagecode="1033" solutionaction="Added" />
                                </labels>
                              </cell>
                            </row>
                          </rows>
                        </section>
                      </sections>
                    </column>
                  </columns>
                </tab>
                <tab name="SOCIALDETAILS_TAB" id="{5b41e0a6-d4da-4ee5-871f-373f2b55109e}" IsUserDefined="0" showlabel="true" expanded="false" ordinalvalue="5">
                  <columns>
                    <column width="34%" id="0">
                      <sections>
                        <section name="social" showlabel="false" showbar="false" id="{6ef467d9-a025-420c-bb36-9b2d4a9642d9}" IsUserDefined="0" layout="varwidth" labelwidth="102" celllabelposition="Left" ordinalvalue="0">
                          <rows>
                            <row>
                              <cell id="{acb2c742-73f1-4545-970a-870272bf1eb9}" showlabel="true" locklevel="0" ordinalvalue="10000">
                                <labels>
                                  <label description="Social Profile" languagecode="1033" solutionaction="Added" />
                                </labels>
                              </cell>
                            </row>
                            <row>
                              <cell id="{0b018f6d-2937-4c0b-93f0-ae5f02280e2e}" showlabel="true" locklevel="0" ordinalvalue="10001">
                                <labels>
                                  <label description="Received As" languagecode="1033" solutionaction="Added" />
                                </labels>
                              </cell>
                            </row>
                          </rows>
                        </section>
                      </sections>
                    </column>
                    <column width="33%" id="1">
                      <sections>
                        <section name="scores" showlabel="false" showbar="false" id="{ec17cdd5-a6e6-4ff6-bc99-1eb782e55ecf}" IsUserDefined="0" layout="varwidth" labelwidth="102" celllabelposition="Left" ordinalvalue="0">
                          <rows>
                            <row>
                              <cell id="{10B6F366-35D9-4213-A88E-0B1B518E29DD}" showlabel="true" locklevel="0" ordinalvalue="10000">
                                <labels>
                                  <label description="Influence Score" languagecode="1033" solutionaction="Added" />
                                </labels>
                              </cell>
                            </row>
                          </rows>
                        </section>
                      </sections>
                    </column>
                    <column width="33%" id="2">
                      <sections>
                        <section name="social3" showlabel="false" showbar="false" id="{5b9659ae-d657-4886-98a8-4b87bd53e651}" IsUserDefined="0" layout="varwidth" labelwidth="102" celllabelposition="Left" ordinalvalue="0">
                          <rows>
                            <row>
                              <cell id="{e7695773-b77d-4285-b57a-339cadbc233e}" showlabel="true" locklevel="0" ordinalvalue="10000">
                                <labels>
                                  <label description="Blocked Profile" languagecode="1033" solutionaction="Added" />
                                </labels>
                              </cell>
                            </row>
                          </rows>
                        </section>
                      </sections>
                    </column>
                  </columns>
                </tab>
                <tab name="KBARTICLE_TAB" id="{6539ac26-1798-4e6a-af34-c98a254b2b5f}" IsUserDefined="0" showlabel="true" expanded="false" ordinalvalue="6">
                  <columns>
                    <column width="50%" id="0">
                      <sections>
                        <section name="kb article" labelwidth="160" showlabel="true" showbar="true" locklevel="1" id="{9404c284-21bf-4194-a6d7-cdc9291b9f19}" IsUserDefined="0" ordinalvalue="0">
                          <rows>
                            <row>
                              <cell colspan="2" id="{44424fb9-0507-4f9f-b42f-3d76f7c4d30d}" ordinalvalue="10000">
                                <labels>
                                  <label description="Knowledge Base Article" languagecode="1033" solutionaction="Added" />
                                </labels>
                              </cell>
                            </row>
                          </rows>
                        </section>
                      </sections>
                    </column>
                    <column width="50%" id="1">
                      <sections>
                        <section name="contract and product information" showlabel="true" showbar="true" id="{4f1cbb62-1166-4db3-a0d7-1844cea74945}" IsUserDefined="0" locklevel="0" ordinalvalue="0">
                          <rows>
                            <row>
                              <cell id="{e41a12bc-599d-46be-85ca-e2c681350078}" ordinalvalue="10000">
                                <labels>
                                  <label description="Contract" languagecode="1033" solutionaction="Added" />
                                </labels>
                              </cell>
                            </row>
                            <row>
                              <cell id="{a0d5255c-e331-4297-a8f8-805e03921086}" ordinalvalue="10001">
                                <labels>
                                  <label description="Contract Line" languagecode="1033" solutionaction="Added" />
                                </labels>
                              </cell>
                            </row>
                            <row>
                              <cell auto="false" showlabel="true" locklevel="0" rowspan="1" id="{7d716e7b-bccd-4984-afce-02c47a9753c4}" ordinalvalue="10002">
                                <labels>
                                  <label description="Serial Number" languagecode="1033" solutionaction="Added" />
                                </labels>
                              </cell>
                            </row>
                            <row>
                              <cell auto="false" showlabel="true" locklevel="0" rowspan="1" colspan="1" id="{b5aed07b-ae04-485a-a45a-17b5261fa8a7}" ordinalvalue="10003">
                                <labels>
                                  <label description="Service Level" languagecode="1033" solutionaction="Added" />
                                </labels>
                              </cell>
                            </row>
                          </rows>
                        </section>
                      </sections>
                    </column>
                  </columns>
                </tab>
                <tab name="FieldService" id="{56868698-240e-5b49-3ed3-487c78cab12b}" IsUserDefined="0" locklevel="0" showlabel="true" expanded="false" ordinalvalue="8">
                  <columns>
                    <column width="50%" id="0">
                      <sections>
                        <section name="tab_8_section_1" showlabel="false" showbar="false" locklevel="0" id="{4370d872-bec2-517c-0eea-a944b1b343d3}" IsUserDefined="0" layout="varwidth" columns="1" labelwidth="115" ordinalvalue="0">
                          <rows>
                            <row>
                              <cell id="{87ac2d12-dcd9-0e2a-6176-7415972d72e9}" showlabel="true" locklevel="0" ordinalvalue="10000">
                                <labels>
                                  <label description="Incident Type" languagecode="1033" solutionaction="Added" />
                                </labels>
                              </cell>
                            </row>
                            <row>
                              <cell id="{15e5a376-70d7-0435-9aae-8c5b232c3dae}" showlabel="true" locklevel="0" ordinalvalue="10001">
                                <labels>
                                  <label description="Functional Location" languagecode="1033" solutionaction="Added" />
                                </labels>
                              </cell>
                            </row>
                          </rows>
                        </section>
                      </sections>
                    </column>
                    <column width="50%" id="1">
                      <sections>
                        <section name="tab_8_section_2" showlabel="false" showbar="false" locklevel="0" id="{02ee4497-88ad-0943-edb0-d08b60903ebb}" IsUserDefined="0" layout="varwidth" columns="1" labelwidth="115" ordinalvalue="0">
                          <rows>
                            <row>
                              <cell id="{d0545c94-ae02-4e2b-bcd2-f35b89a85804}" showlabel="false" ordinalvalue="10000" solutionaction="Added">
                                <labels>
                                  <label description="" languagecode="1033" />
                                </labels>
                              </cell>
                            </row>
                          </rows>
                        </section>
                      </sections>
                    </column>
                  </columns>
                </tab>
              </tabs>
              <header id="{CF9CD80E-17E4-438D-9705-5575B9BDF2D1}" celllabelposition="Top" columns="1111" labelwidth="115">
                <rows>
                  <row>
                    <cell id="{58a799a6-a483-30da-d32d-12c15ba0daa0}" showlabel="true" ordinalvalue="10000">
                      <labels>
                        <label description="Priority" languagecode="1033" solutionaction="Added" />
                      </labels>
                    </cell>
                    <cell id="{67c9b29b-c1b2-aa8e-6b95-5d295b76e224}" showlabel="true" ordinalvalue="20001">
                      <labels>
                        <label description="Created On" languagecode="1033" solutionaction="Added" />
                      </labels>
                    </cell>
                    <cell id="{d2c3b79d-4172-4f15-aa40-e69aa7bd2ab6}" ordinalvalue="40003">
                      <labels>
                        <label description="Owner" languagecode="1033" solutionaction="Added" />
                      </labels>
                    </cell>
                  </row>
                </rows>
              </header>
            </form>
            <LocalizedNames>
              <LocalizedName description="Case" languagecode="1033" />
            </LocalizedNames>
            <Descriptions>
              <Description description="Updated default Case form." languagecode="1033" />
            </Descriptions>
          </systemform>
        </forms>
      </FormXml>
      <RibbonDiffXml>
        <CustomActions />
        <Templates>
          <RibbonTemplates Id="Mscrm.Templates"></RibbonTemplates>
        </Templates>
        <CommandDefinitions />
        <RuleDefinitions>
          <TabDisplayRules />
          <DisplayRules />
          <EnableRules />
        </RuleDefinitions>
        <LocLabels />
      </RibbonDiffXml>
    </Entity>
    <Entity>
      <Name LocalizedName="Product" OriginalName="Product">Product</Name>
      <EntityInfo>
        <entity Name="Product">
          <attributes>
            <attribute PhysicalName="new_Approvalstatus">
              <Type>picklist</Type>
              <Name>new_approvalstatus</Name>
              <LogicalName>new_approvalstatus</LogicalName>
              <RequiredLevel>none</RequiredLevel>
              <DisplayMask>ValidForAdvancedFind|ValidForForm|ValidForGrid</DisplayMask>
              <ImeMode>auto</ImeMode>
              <ValidForUpdateApi>1</ValidForUpdateApi>
              <ValidForReadApi>1</ValidForReadApi>
              <ValidForCreateApi>1</ValidForCreateApi>
              <IsCustomField>1</IsCustomField>
              <IsAuditEnabled>1</IsAuditEnabled>
              <IsSecured>0</IsSecured>
              <IntroducedVersion>1.0</IntroducedVersion>
              <IsCustomizable>1</IsCustomizable>
              <IsRenameable>1</IsRenameable>
              <CanModifySearchSettings>1</CanModifySearchSettings>
              <CanModifyRequirementLevelSettings>1</CanModifyRequirementLevelSettings>
              <CanModifyAdditionalSettings>1</CanModifyAdditionalSettings>
              <SourceType>0</SourceType>
              <IsGlobalFilterEnabled>0</IsGlobalFilterEnabled>
              <IsSortableEnabled>0</IsSortableEnabled>
              <CanModifyGlobalFilterSettings>1</CanModifyGlobalFilterSettings>
              <CanModifyIsSortableSettings>1</CanModifyIsSortableSettings>
              <IsDataSourceSecret>0</IsDataSourceSecret>
              <AutoNumberFormat></AutoNumberFormat>
              <IsSearchable>0</IsSearchable>
              <IsFilterable>0</IsFilterable>
              <IsRetrievable>0</IsRetrievable>
              <IsLocalizable>0</IsLocalizable>
              <AppDefaultValue>100000001</AppDefaultValue>
              <optionset Name="new_product_new_approvalstatus">
                <OptionSetType>picklist</OptionSetType>
                <IntroducedVersion>1.0</IntroducedVersion>
                <IsCustomizable>1</IsCustomizable>
                <displaynames>
                  <displayname description="Approval Status" languagecode="1033" />
                </displaynames>
                <Descriptions>
                  <Description description="" languagecode="1033" />
                </Descriptions>
                <options>
                  <option value="100000000" ExternalValue="" Color="#0000ff">
                    <labels>
                      <label description="Approve" languagecode="1033" />
                    </labels>
                  </option>
                  <option value="100000001" ExternalValue="" Color="#0000ff">
                    <labels>
                      <label description="Reject" languagecode="1033" />
                    </labels>
                  </option>
                </options>
              </optionset>
              <displaynames>
                <displayname description="Approval Status" languagecode="1033" />
              </displaynames>
              <Descriptions>
                <Description description="" languagecode="1033" />
              </Descriptions>
            </attribute>
            <attribute PhysicalName="new_ApproverDate">
              <Type>datetime</Type>
              <Name>new_approverdate</Name>
              <LogicalName>new_approverdate</LogicalName>
              <RequiredLevel>none</RequiredLevel>
              <DisplayMask>ValidForAdvancedFind|ValidForForm|ValidForGrid</DisplayMask>
              <ImeMode>auto</ImeMode>
              <ValidForUpdateApi>1</ValidForUpdateApi>
              <ValidForReadApi>1</ValidForReadApi>
              <ValidForCreateApi>1</ValidForCreateApi>
              <IsCustomField>1</IsCustomField>
              <IsAuditEnabled>1</IsAuditEnabled>
              <IsSecured>0</IsSecured>
              <IntroducedVersion>1.0</IntroducedVersion>
              <IsCustomizable>1</IsCustomizable>
              <IsRenameable>1</IsRenameable>
              <CanModifySearchSettings>1</CanModifySearchSettings>
              <CanModifyRequirementLevelSettings>1</CanModifyRequirementLevelSettings>
              <CanModifyAdditionalSettings>1</CanModifyAdditionalSettings>
              <SourceType>0</SourceType>
              <IsGlobalFilterEnabled>0</IsGlobalFilterEnabled>
              <IsSortableEnabled>0</IsSortableEnabled>
              <CanModifyGlobalFilterSettings>1</CanModifyGlobalFilterSettings>
              <CanModifyIsSortableSettings>1</CanModifyIsSortableSettings>
              <IsDataSourceSecret>0</IsDataSourceSecret>
              <AutoNumberFormat></AutoNumberFormat>
              <IsSearchable>0</IsSearchable>
              <IsFilterable>0</IsFilterable>
              <IsRetrievable>0</IsRetrievable>
              <IsLocalizable>0</IsLocalizable>
              <Format>date</Format>
              <CanChangeDateTimeBehavior>1</CanChangeDateTimeBehavior>
              <Behavior>1</Behavior>
              <displaynames>
                <displayname description="Approver Date" languagecode="1033" />
              </displaynames>
              <Descriptions>
                <Description description="" languagecode="1033" />
              </Descriptions>
            </attribute>
            <attribute PhysicalName="new_Price">
              <Type>money</Type>
              <Name>new_price</Name>
              <LogicalName>new_price</LogicalName>
              <RequiredLevel>none</RequiredLevel>
              <DisplayMask>ValidForAdvancedFind|ValidForForm|ValidForGrid</DisplayMask>
              <ImeMode>auto</ImeMode>
              <ValidForUpdateApi>1</ValidForUpdateApi>
              <ValidForReadApi>1</ValidForReadApi>
              <ValidForCreateApi>1</ValidForCreateApi>
              <IsCustomField>1</IsCustomField>
              <IsAuditEnabled>1</IsAuditEnabled>
              <IsSecured>0</IsSecured>
              <IntroducedVersion>1.0</IntroducedVersion>
              <IsCustomizable>1</IsCustomizable>
              <IsRenameable>1</IsRenameable>
              <CanModifySearchSettings>1</CanModifySearchSettings>
              <CanModifyRequirementLevelSettings>1</CanModifyRequirementLevelSettings>
              <CanModifyAdditionalSettings>1</CanModifyAdditionalSettings>
              <SourceType>0</SourceType>
              <IsGlobalFilterEnabled>0</IsGlobalFilterEnabled>
              <IsSortableEnabled>0</IsSortableEnabled>
              <CanModifyGlobalFilterSettings>1</CanModifyGlobalFilterSettings>
              <CanModifyIsSortableSettings>1</CanModifyIsSortableSettings>
              <IsDataSourceSecret>0</IsDataSourceSecret>
              <AutoNumberFormat></AutoNumberFormat>
              <IsSearchable>0</IsSearchable>
              <IsFilterable>0</IsFilterable>
              <IsRetrievable>0</IsRetrievable>
              <IsLocalizable>0</IsLocalizable>
              <MinValue>0</MinValue>
              <MaxValue>922337203685477</MaxValue>
              <Accuracy>4</Accuracy>
              <AccuracySource>2</AccuracySource>
              <displaynames>
                <displayname description="Price" languagecode="1033" />
              </displaynames>
              <Descriptions>
                <Description description="" languagecode="1033" />
              </Descriptions>
            </attribute>
            <attribute PhysicalName="new_price_Base">
              <Type>money</Type>
              <Name>new_price_base</Name>
              <LogicalName>new_price_base</LogicalName>
              <RequiredLevel>none</RequiredLevel>
              <DisplayMask>ValidForAdvancedFind|ValidForForm|ValidForGrid</DisplayMask>
              <ImeMode>disabled</ImeMode>
              <ValidForUpdateApi>0</ValidForUpdateApi>
              <ValidForReadApi>1</ValidForReadApi>
              <ValidForCreateApi>0</ValidForCreateApi>
              <IsCustomField>1</IsCustomField>
              <IsAuditEnabled>1</IsAuditEnabled>
              <IsSecured>0</IsSecured>
              <IntroducedVersion>1.0</IntroducedVersion>
              <IsCustomizable>1</IsCustomizable>
              <IsRenameable>1</IsRenameable>
              <CanModifySearchSettings>1</CanModifySearchSettings>
              <CanModifyRequirementLevelSettings>1</CanModifyRequirementLevelSettings>
              <CanModifyAdditionalSettings>1</CanModifyAdditionalSettings>
              <SourceType>0</SourceType>
              <IsGlobalFilterEnabled>0</IsGlobalFilterEnabled>
              <IsSortableEnabled>0</IsSortableEnabled>
              <CanModifyGlobalFilterSettings>1</CanModifyGlobalFilterSettings>
              <CanModifyIsSortableSettings>1</CanModifyIsSortableSettings>
              <IsDataSourceSecret>0</IsDataSourceSecret>
              <AutoNumberFormat></AutoNumberFormat>
              <IsSearchable>0</IsSearchable>
              <IsFilterable>0</IsFilterable>
              <IsRetrievable>0</IsRetrievable>
              <IsLocalizable>0</IsLocalizable>
              <MinValue>-922337203685477</MinValue>
              <MaxValue>922337203685477</MaxValue>
              <Accuracy>4</Accuracy>
              <AccuracySource>2</AccuracySource>
              <CalculationOf>new_Price</CalculationOf>
              <displaynames>
                <displayname description="Price (Base)" languagecode="1033" />
              </displaynames>
              <Descriptions>
                <Description description="Value of the Price in base currency." languagecode="1033" />
              </Descriptions>
            </attribute>
          </attributes>
          <EntitySetName>products</EntitySetName>
          <IsDuplicateCheckSupported>0</IsDuplicateCheckSupported>
          <IsBusinessProcessEnabled>1</IsBusinessProcessEnabled>
          <IsRequiredOffline>0</IsRequiredOffline>
          <IsInteractionCentricEnabled>0</IsInteractionCentricEnabled>
          <IsCollaboration>0</IsCollaboration>
          <AutoRouteToOwnerQueue>0</AutoRouteToOwnerQueue>
          <IsConnectionsEnabled>1</IsConnectionsEnabled>
          <IsDocumentManagementEnabled>1</IsDocumentManagementEnabled>
          <AutoCreateAccessTeams>0</AutoCreateAccessTeams>
          <IsOneNoteIntegrationEnabled>1</IsOneNoteIntegrationEnabled>
          <IsKnowledgeManagementEnabled>0</IsKnowledgeManagementEnabled>
          <IsSLAEnabled>0</IsSLAEnabled>
          <IsDocumentRecommendationsEnabled>0</IsDocumentRecommendationsEnabled>
          <IsBPFEntity>0</IsBPFEntity>
          <OwnershipTypeMask>OrgOwned</OwnershipTypeMask>
          <IsAuditEnabled>0</IsAuditEnabled>
          <IsRetrieveAuditEnabled>0</IsRetrieveAuditEnabled>
          <IsRetrieveMultipleAuditEnabled>0</IsRetrieveMultipleAuditEnabled>
          <IsActivity>0</IsActivity>
          <ActivityTypeMask></ActivityTypeMask>
          <IsActivityParty>0</IsActivityParty>
          <IsReplicated>1</IsReplicated>
          <IsReplicationUserFiltered>1</IsReplicationUserFiltered>
          <IsMailMergeEnabled>0</IsMailMergeEnabled>
          <IsVisibleInMobile>0</IsVisibleInMobile>
          <IsVisibleInMobileClient>1</IsVisibleInMobileClient>
          <IsReadOnlyInMobileClient>0</IsReadOnlyInMobileClient>
          <IsOfflineInMobileClient>1</IsOfflineInMobileClient>
          <DaysSinceRecordLastModified>10</DaysSinceRecordLastModified>
          <MobileOfflineFilters>&lt;fetch version="1.0" output-format="xml-platform" mapping="logical" distinct="false"&gt;&lt;entity name="product"&gt;&lt;/entity&gt;&lt;/fetch&gt;</MobileOfflineFilters>
          <IsMapiGridEnabled>1</IsMapiGridEnabled>
          <IsReadingPaneEnabled>1</IsReadingPaneEnabled>
          <IsQuickCreateEnabled>1</IsQuickCreateEnabled>
          <SyncToExternalSearchIndex>1</SyncToExternalSearchIndex>
          <IntroducedVersion>5.0.0.0</IntroducedVersion>
          <EnforceStateTransitions>0</EnforceStateTransitions>
          <EntityHelpUrlEnabled>0</EntityHelpUrlEnabled>
          <ChangeTrackingEnabled>1</ChangeTrackingEnabled>
          <IsEnabledForExternalChannels>1</IsEnabledForExternalChannels>
          <IsSolutionAware>0</IsSolutionAware>
          <HasRelatedNotes>True</HasRelatedNotes>
        </entity>
      </EntityInfo>
      <FormXml>
        <forms type="main">
          <systemform>
            <formid>{a640be62-63f6-4027-90d7-48c014a7c6f3}</formid>
            <IntroducedVersion>6.0.3.0</IntroducedVersion>
            <FormPresentation>1</FormPresentation>
            <FormActivationState>1</FormActivationState>
            <form showImage="true" enablerelatedinformation="true">
              <tabs>
                <tab name="product_details" verticallayout="true" id="{176BD68C-CE4F-42A3-8793-42400D385DC0}" IsUserDefined="0" locklevel="0" showlabel="true" expanded="true" ordinalvalue="0">
                  <columns>
                    <column width="50%" id="0">
                      <sections>
                        <section name="product information" showlabel="false" showbar="false" id="{47e8791d-5260-4e72-ae16-9f4f3cd91480}" IsUserDefined="0" columns="11" locklevel="0" celllabelalignment="Left" celllabelposition="Left" height="auto" ordinalvalue="0">
                          <rows>
                            <row>
                              <cell id="{81b1c9d3-1239-48d6-bd68-596d6d2c6897}" locklevel="0" colspan="2" showlabel="true" ordinalvalue="10000">
                                <labels>
                                  <label description="Name" languagecode="1033" solutionaction="Added" />
                                </labels>
                              </cell>
                            </row>
                            <row>
                              <cell id="{222978d1-d56a-42a1-8be4-7d723e91a39f}" locklevel="0" colspan="2" ordinalvalue="10001">
                                <labels>
                                  <label description="Product ID" languagecode="1033" solutionaction="Added" />
                                </labels>
                              </cell>
                            </row>
                            <row>
                              <cell id="{faaa2942-4737-4721-9a19-7dcbf4eb2911}" showlabel="true" locklevel="0" colspan="2" ordinalvalue="10004" solutionaction="Modified">
                                <labels>
                                  <label description="Parent" languagecode="1033" solutionaction="Added" />
                                </labels>
                              </cell>
                            </row>
                            <row>
                              <cell id="{5b273f27-d568-4114-9843-198041ff81f7}" showlabel="true" locklevel="0" colspan="2" ordinalvalue="10005" solutionaction="Modified">
                                <labels>
                                  <label description="Parent" languagecode="1033" solutionaction="Added" />
                                </labels>
                              </cell>
                            </row>
                            <row>
                              <cell id="{143cd0c6-e343-4ba8-8322-396b644dfb79}" locklevel="0" colspan="2" ordinalvalue="10006" solutionaction="Modified">
                                <labels>
                                  <label description="Valid From" languagecode="1033" solutionaction="Added" />
                                </labels>
                              </cell>
                            </row>
                            <row>
                              <cell id="{f625f521-13a2-44b0-91ab-ea187a765ddb}" locklevel="0" colspan="2" ordinalvalue="10007" solutionaction="Modified">
                                <labels>
                                  <label description="Valid To" languagecode="1033" solutionaction="Added" />
                                </labels>
                              </cell>
                            </row>
                            <row>
                              <cell rowspan="2" auto="true" id="{9d410f9c-530e-4355-8fde-f9804fadc363}" locklevel="0" colspan="2" ordinalvalue="10008" solutionaction="Modified">
                                <labels>
                                  <label description="Description" languagecode="1033" solutionaction="Added" />
                                </labels>
                              </cell>
                            </row>
                            <row>
                              <cell id="{88eb1351-0800-b32c-d250-b0c2d68b7226}" showlabel="true" locklevel="0" ordinalvalue="10002" solutionaction="Added">
                                <labels>
                                  <label description="Created On" languagecode="1033" />
                                </labels>
                                <control id="createdon" classid="{5B773807-9FB2-42db-97C3-7A91EFF8ADFF}" datafieldname="createdon" disabled="false" />
                              </cell>
                              <cell id="{326683aa-9d9c-75a8-78c0-018dd5d39601}" showlabel="false" ordinalvalue="20003" solutionaction="Added">
                                <labels>
                                  <label description="" languagecode="1033" />
                                </labels>
                              </cell>
                            </row>
                            <row>
                              <cell id="{6948869d-b4ae-0b95-188e-d6c61463ae94}" showlabel="true" locklevel="0" ordinalvalue="10009" solutionaction="Added">
                                <labels>
                                  <label description="Approval Status" languagecode="1033" />
                                </labels>
                                <control id="new_approvalstatus" classid="{3EF39988-22BB-4f0b-BBBE-64B5A3748AEE}" datafieldname="new_approvalstatus" disabled="false" />
                              </cell>
                              <cell id="{685616de-2d45-8680-a371-55d083d1397c}" showlabel="false" ordinalvalue="20010" solutionaction="Added">
                                <labels>
                                  <label description="" languagecode="1033" />
                                </labels>
                              </cell>
                            </row>
                            <row>
                              <cell id="{2ebc5343-9740-7ad5-adb0-18dc2240d159}" showlabel="true" locklevel="0" ordinalvalue="10011" solutionaction="Added">
                                <labels>
                                  <label description="Approver Date" languagecode="1033" />
                                </labels>
                                <control id="new_approverdate" classid="{5B773807-9FB2-42db-97C3-7A91EFF8ADFF}" datafieldname="new_approverdate" disabled="false" />
                              </cell>
                              <cell id="{3c3d09ec-537a-5ddd-b432-54697bb0e5a0}" showlabel="false" ordinalvalue="20012" solutionaction="Added">
                                <labels>
                                  <label description="" languagecode="1033" />
                                </labels>
                              </cell>
                            </row>
                            <row>
                              <cell id="{7cbd5a48-ddae-0637-dbc0-0a7aba2eb5eb}" showlabel="true" locklevel="0" ordinalvalue="10013" solutionaction="Added">
                                <labels>
                                  <label description="Price" languagecode="1033" />
                                </labels>
                                <control id="new_price" classid="{533B9E00-756B-4312-95A0-DC888637AC78}" datafieldname="new_price" disabled="false" />
                              </cell>
                              <cell id="{3a1a73e3-188a-d84b-368b-acac08a1e230}" showlabel="false" ordinalvalue="20014" solutionaction="Added">
                                <labels>
                                  <label description="" languagecode="1033" />
                                </labels>
                              </cell>
                            </row>
                            <row>
                              <cell id="{0c5bd89a-8034-6eb1-732a-31b23e2bb990}" showlabel="true" locklevel="0" ordinalvalue="10015" solutionaction="Added">
                                <labels>
                                  <label description="Product Type" languagecode="1033" />
                                </labels>
                                <control id="producttypecode" classid="{3EF39988-22BB-4f0b-BBBE-64B5A3748AEE}" datafieldname="producttypecode" disabled="false" />
                              </cell>
                              <cell id="{094a966c-510d-7519-2746-6a989be1c493}" showlabel="false" ordinalvalue="20016" solutionaction="Added">
                                <labels>
                                  <label description="" languagecode="1033" />
                                </labels>
                              </cell>
                            </row>
                          </rows>
                        </section>
                      </sections>
                    </column>
                    <column width="50%" id="1">
                      <sections>
                        <section name="costs" showlabel="false" showbar="false" id="{f0129f52-d4cb-43b2-b88e-309824ce85e5}" IsUserDefined="0" labelwidth="125" columns="11" locklevel="0" celllabelalignment="Left" celllabelposition="Left" height="auto" ordinalvalue="0">
                          <rows>
                            <row>
                              <cell id="{a83b2393-2a31-44a3-ab42-4d6f60b4baf4}" locklevel="0" colspan="2" ordinalvalue="10000">
                                <labels>
                                  <label description="Unit Group" languagecode="1033" solutionaction="Added" />
                                </labels>
                              </cell>
                            </row>
                            <row>
                              <cell id="{59a2a77b-99d3-4475-9256-6de420b20c66}" locklevel="0" colspan="2" ordinalvalue="10001">
                                <labels>
                                  <label description="Default Unit" languagecode="1033" solutionaction="Added" />
                                </labels>
                              </cell>
                            </row>
                            <row>
                              <cell id="{bf5f0ca9-35a6-45a2-9da5-44ef480af8d4}" locklevel="0" colspan="2" ordinalvalue="10002">
                                <labels>
                                  <label description="Default Price List" languagecode="1033" solutionaction="Added" />
                                </labels>
                              </cell>
                            </row>
                            <row height="auto">
                              <cell auto="true" id="{4b98e3b0-b619-4743-a00a-58578082f0bf}" locklevel="0" colspan="2" ordinalvalue="10003">
                                <labels>
                                  <label description="Decimals Supported" languagecode="1033" solutionaction="Added" />
                                </labels>
                              </cell>
                            </row>
                            <row>
                              <cell id="{46149e09-a345-4a95-ba38-11254afc82cf}" locklevel="0" colspan="2" ordinalvalue="10004">
                                <labels>
                                  <label description="Subject" languagecode="1033" solutionaction="Added" />
                                </labels>
                              </cell>
                            </row>
                          </rows>
                        </section>
                      </sections>
                    </column>
                  </columns>
                </tab>
                <tab name="price_list_items" id="{2F0F5E7B-A6F7-478F-803F-20F71275A27E}" IsUserDefined="0" locklevel="0" showlabel="true" expanded="true" visible="false" ordinalvalue="3">
                  <columns>
                    <column width="50%" id="0">
                      <sections>
                        <section name="msdynsales_pricing_information" showlabel="true" showbar="false" id="{8162fa18-931e-4475-88c4-69fa7ff7335e}" IsUserDefined="0" columns="11" locklevel="0" celllabelalignment="Left" celllabelposition="Left" visible="false" ordinalvalue="1">
                          <rows>
                            <row>
                              <cell id="{7ce5335e-7c56-4818-b0f5-bd0495acc811}" colspan="2" ordinalvalue="10000">
                                <labels>
                                  <label description="Current Cost" languagecode="1033" solutionaction="Added" />
                                </labels>
                              </cell>
                            </row>
                            <row>
                              <cell id="{9e93d979-71d8-4500-be8d-b91d3c0611f0}" colspan="2" ordinalvalue="10001">
                                <labels>
                                  <label description="Standard Cost" languagecode="1033" solutionaction="Added" />
                                </labels>
                              </cell>
                            </row>
                            <row>
                              <cell id="{decff7b9-b96f-4815-b187-6569543ea33f}" colspan="2" ordinalvalue="10002">
                                <labels>
                                  <label description="List Price" languagecode="1033" solutionaction="Added" />
                                </labels>
                                <control id="price" classid="{533B9E00-756B-4312-95A0-DC888637AC78}" datafieldname="price" />
                              </cell>
                            </row>
                          </rows>
                        </section>
                      </sections>
                    </column>
                  </columns>
                </tab>
                <tab name="FieldService" id="{a297b44a-b7b8-e796-a1ac-5d080a9920c9}" IsUserDefined="0" locklevel="0" showlabel="true" expanded="true" ordinalvalue="5">
                  <columns>
                    <column width="38%" id="0">
                      <sections>
                        <section name="tab_3_section_1" showlabel="true" showbar="false" locklevel="0" id="{bb71edd3-50d9-e40b-2618-7988c1c560ca}" IsUserDefined="0" layout="varwidth" columns="1" labelwidth="200" celllabelalignment="Left" celllabelposition="Left" ordinalvalue="0">
                          <rows>
                            <row>
                              <cell id="{5b873d74-71cb-d970-d350-40640ad31d16}" showlabel="true" locklevel="0" ordinalvalue="10000">
                                <labels>
                                  <label description="Field Service Product Type" languagecode="1033" solutionaction="Added" />
                                </labels>
                              </cell>
                            </row>
                            <row>
                              <cell id="{55a28b9b-d719-87bd-3520-db861aecad16}" showlabel="true" locklevel="0" ordinalvalue="10002">
                                <labels>
                                  <label description="Convert to Customer Asset" languagecode="1033" solutionaction="Added" />
                                </labels>
                              </cell>
                            </row>
                          </rows>
                        </section>
                      </sections>
                    </column>
                    <column width="37%" id="1">
                      <sections>
                        <section name="tab_3_section_4" showlabel="true" showbar="false" locklevel="0" id="{eaa435c1-3883-40c4-7813-29bbe5aaab0d}" IsUserDefined="0" layout="varwidth" columns="1" labelwidth="125" celllabelalignment="Left" celllabelposition="Left" ordinalvalue="0">
                          <rows>
                            <row>
                              <cell id="{c352d1c1-233e-c55b-a35d-b94c6a66821e}" showlabel="true" locklevel="0" ordinalvalue="10000">
                                <labels>
                                  <label description="Default Vendor" languagecode="1033" solutionaction="Added" />
                                </labels>
                              </cell>
                            </row>
                            <row>
                              <cell id="{e917c245-7d42-be82-bb23-4dc97b39505d}" showlabel="true" locklevel="0" ordinalvalue="10001">
                                <labels>
                                  <label description="Purchase Name" languagecode="1033" solutionaction="Added" />
                                </labels>
                              </cell>
                            </row>
                          </rows>
                        </section>
                      </sections>
                    </column>
                    <column width="25%" id="2">
                      <sections>
                        <section name="tab_3_section_3" showlabel="true" showbar="false" locklevel="0" id="{ea4163e2-3c7a-b7db-310c-6ade75890021}" IsUserDefined="0" layout="varwidth" columns="1" labelwidth="115" celllabelalignment="Left" celllabelposition="Left" ordinalvalue="0">
                          <rows>
                            <row>
                              <cell id="{c0b8a61d-8cb5-95b3-0d59-cc90003911bb}" showlabel="true" locklevel="0" ordinalvalue="10000">
                                <labels>
                                  <label description="Taxable" languagecode="1033" solutionaction="Added" />
                                </labels>
                              </cell>
                            </row>
                            <row>
                              <cell id="{70a38847-05a4-290b-8a72-7b26ae51e186}" showlabel="true" locklevel="0" ordinalvalue="10001">
                                <labels>
                                  <label description="Current Cost" languagecode="1033" solutionaction="Added" />
                                </labels>
                              </cell>
                            </row>
                            <row>
                              <cell id="{26610e73-e069-6cdd-818b-6cd875d7a7b4}" showlabel="true" locklevel="0" ordinalvalue="10002">
                                <labels>
                                  <label description="Standard Cost" languagecode="1033" solutionaction="Added" />
                                </labels>
                              </cell>
                            </row>
                          </rows>
                        </section>
                      </sections>
                    </column>
                  </columns>
                </tab>
              </tabs>
              <header id="{1bab7584-c9f7-4542-842f-f061caee103b}" celllabelposition="Top" labelwidth="115">
                <rows>
                  <row>
                    <cell id="{7fe0d486-f4f5-47af-81b1-e695dd2439c9}" showlabel="true" ordinalvalue="10000">
                      <labels>
                        <label description="Status" languagecode="1033" solutionaction="Added" />
                      </labels>
                    </cell>
                  </row>
                </rows>
              </header>
              <Navigation>
                <NavBar>
                  <NavBarByRelationshipItem RelationshipName="hardcoded_{B7196B13-6B9D-42CD-BD58-B19A3953126F}navDocument" Sequence="9000" Area="Info" Id="navDocument" Show="false" solutionaction="Removed" />
                  <NavBarByRelationshipItem RelationshipName="hardcoded_{B7196B13-6B9D-42CD-BD58-B19A3953126F}navSubs" Area="Info" Id="navSubs" Sequence="1" solutionaction="Removed" />
                  <NavBarByRelationshipItem RelationshipName="hardcoded_{B7196B13-6B9D-42CD-BD58-B19A3953126F}navComps" Area="Sales" Id="navComps" Sequence="1" solutionaction="Removed" />
                  <NavBarByRelationshipItem RelationshipName="hardcoded_{B7196B13-6B9D-42CD-BD58-B19A3953126F}navSalesLit" Area="Sales" Id="navSalesLit" Sequence="3" solutionaction="Removed" />
                </NavBar>
              </Navigation>
            </form>
            <LocalizedNames>
              <LocalizedName description="Product" languagecode="1033" />
            </LocalizedNames>
            <Descriptions>
              <Description description="A form for this refreshed entity." languagecode="1033" />
            </Descriptions>
          </systemform>
        </forms>
      </FormXml>
      <RibbonDiffXml>
        <CustomActions />
        <Templates>
          <RibbonTemplates Id="Mscrm.Templates"></RibbonTemplates>
        </Templates>
        <CommandDefinitions />
        <RuleDefinitions>
          <TabDisplayRules />
          <DisplayRules />
          <EnableRules />
        </RuleDefinitions>
        <LocLabels />
      </RibbonDiffXml>
    </Entity>
  </Entities>
  <Roles></Roles>
  <Workflows></Workflows>
  <FieldSecurityProfiles></FieldSecurityProfiles>
  <Templates />
  <EntityMaps />
  <EntityRelationships />
  <OrganizationSettings />
  <optionsets />
  <CustomControls />
  <EntityDataProviders />
  <Languages>
    <Language>1033</Language>
  </Languages>
</ImportExportXml>